{
  "schema_version": "task3.chart-spec.v1",
  "question_id": "B4019",
  "image_index": 1,
  "chart_type": "table",
  "title": "凯莱英2025年第三季度投资收益对净利润贡献较大... - 净利润",
  "data": {
    "dataset_name": "financials_view.result",
    "row_count": 64,
    "preview_rows": [
      {
        "analysis_type": "2025Q3详细分析",
        "stock_abbr": "凯莱英",
        "report_period": "2025Q3",
        "total_operating_revenue": 462987.713098,
        "operating_cost": 266498.36045700003,
        "selling_expenses": 15021.866855000002,
        "administrative_expenses": 58267.132875,
        "financial_expenses": -8976.010464,
        "taxes_and_surcharges": 3519.243751,
        "operating_profit": 128657.11962399993,
        "total_profit": 90994.913204,
        "investment_profit_estimate": -37662.20641999993,
        "net_profit": 80024.521512,
        "investment_profit_to_net_profit_ratio": -47.06333222417622,
        "net_profit_margin": 17.284372618990286
      },
      {
        "analysis_type": "2025Q3详细分析",
        "stock_abbr": "凯莱英",
        "report_period": "2025Q3",
        "total_operating_revenue": 462987.713098,
        "operating_cost": 266498.36045700003,
        "selling_expenses": 15021.866855000002,
        "administrative_expenses": 58267.132875,
        "financial_expenses": -8976.010464,
        "taxes_and_surcharges": 3519.243751,
        "operating_profit": 128657.11962399993,
        "total_profit": 90994.913204,
        "investment_profit_estimate": -37662.20641999993,
        "net_profit": 80024.521512,
        "investment_profit_to_net_profit_ratio": -47.06333222417622,
        "net_profit_margin": 17.284372618990286
      },
      {
        "analysis_type": "2025Q3详细分析",
        "stock_abbr": "凯莱英",
        "report_period": "2025Q3",
        "total_operating_revenue": 462987.713098,
        "operating_cost": 266498.36045700003,
        "selling_expenses": 15021.866855000002,
        "administrative_expenses": 58267.132875,
        "financial_expenses": -8976.010464,
        "taxes_and_surcharges": 3519.243751,
        "operating_profit": 128657.11962399993,
        "total_profit": 90994.913204,
        "investment_profit_estimate": -37662.20641999993,
        "net_profit": 80024.521512,
        "investment_profit_to_net_profit_ratio": -47.06333222417622,
        "net_profit_margin": 17.284372618990286
      },
      {
        "analysis_type": "2025Q3详细分析",
        "stock_abbr": "凯莱英",
        "report_period": "2025Q3",
        "total_operating_revenue": 462987.713098,
        "operating_cost": 266498.36045700003,
        "selling_expenses": 15021.866855000002,
        "administrative_expenses": 58267.132875,
        "financial_expenses": -8976.010464,
        "taxes_and_surcharges": 3519.243751,
        "operating_profit": 128657.11962399993,
        "total_profit": 90994.913204,
        "investment_profit_estimate": -37662.20641999993,
        "net_profit": 80024.521512,
        "investment_profit_to_net_profit_ratio": -47.06333222417622,
        "net_profit_margin": 17.284372618990286
      },
      {
        "analysis_type": "2025Q3详细分析",
        "stock_abbr": "凯莱英",
        "report_period": "2025Q3",
        "total_operating_revenue": 462987.713098,
        "operating_cost": 266498.36045700003,
        "selling_expenses": 15021.866855000002,
        "administrative_expenses": 58267.132875,
        "financial_expenses": -8976.010464,
        "taxes_and_surcharges": 3519.243751,
        "operating_profit": 128657.11962399993,
        "total_profit": 90994.913204,
        "investment_profit_estimate": -37662.20641999993,
        "net_profit": 80024.521512,
        "investment_profit_to_net_profit_ratio": -47.06333222417622,
        "net_profit_margin": 17.284372618990286
      },
      {
        "analysis_type": "2025Q3详细分析",
        "stock_abbr": "凯莱英",
        "report_period": "2025Q3",
        "total_operating_revenue": 462987.713098,
        "operating_cost": 266498.36045700003,
        "selling_expenses": 15021.866855000002,
        "administrative_expenses": 58267.132875,
        "financial_expenses": -8976.010464,
        "taxes_and_surcharges": 3519.243751,
        "operating_profit": 128657.11962399993,
        "total_profit": 90994.913204,
        "investment_profit_estimate": -37662.20641999993,
        "net_profit": 80024.521512,
        "investment_profit_to_net_profit_ratio": -47.06333222417622,
        "net_profit_margin": 17.284372618990286
      },
      {
        "analysis_type": "2025Q3详细分析",
        "stock_abbr": "凯莱英",
        "report_period": "2025Q3",
        "total_operating_revenue": 462987.713098,
        "operating_cost": 266498.36045700003,
        "selling_expenses": 15021.866855000002,
        "administrative_expenses": 58267.132875,
        "financial_expenses": -8976.010464,
        "taxes_and_surcharges": 3519.243751,
        "operating_profit": 128657.11962399993,
        "total_profit": 90994.913204,
        "investment_profit_estimate": -37662.20641999993,
        "net_profit": 80024.521512,
        "investment_profit_to_net_profit_ratio": -47.06333222417622,
        "net_profit_margin": 17.284372618990286
      },
      {
        "analysis_type": "2025Q3详细分析",
        "stock_abbr": "凯莱英",
        "report_period": "2025Q3",
        "total_operating_revenue": 462987.713098,
        "operating_cost": 266498.36045700003,
        "selling_expenses": 15021.866855000002,
        "administrative_expenses": 58267.132875,
        "financial_expenses": -8976.010464,
        "taxes_and_surcharges": 3519.243751,
        "operating_profit": 128657.11962399993,
        "total_profit": 90994.913204,
        "investment_profit_estimate": -37662.20641999993,
        "net_profit": 80024.521512,
        "investment_profit_to_net_profit_ratio": -47.06333222417622,
        "net_profit_margin": 17.284372618990286
      },
      {
        "analysis_type": "2025Q3详细分析",
        "stock_abbr": "凯莱英",
        "report_period": "2025Q3",
        "total_operating_revenue": 462987.713098,
        "operating_cost": 266498.36045700003,
        "selling_expenses": 15021.866855000002,
        "administrative_expenses": 58267.132875,
        "financial_expenses": -8976.010464,
        "taxes_and_surcharges": 3519.243751,
        "operating_profit": 128657.11962399993,
        "total_profit": 90994.913204,
        "investment_profit_estimate": -37662.20641999993,
        "net_profit": 80024.521512,
        "investment_profit_to_net_profit_ratio": -47.06333222417622,
        "net_profit_margin": 17.284372618990286
      },
      {
        "analysis_type": "2025Q3详细分析",
        "stock_abbr": "凯莱英",
        "report_period": "2025Q3",
        "total_operating_revenue": 462987.713098,
        "operating_cost": 266498.36045700003,
        "selling_expenses": 15021.866855000002,
        "administrative_expenses": 58267.132875,
        "financial_expenses": -8976.010464,
        "taxes_and_surcharges": 3519.243751,
        "operating_profit": 128657.11962399993,
        "total_profit": 90994.913204,
        "investment_profit_estimate": -37662.20641999993,
        "net_profit": 80024.521512,
        "investment_profit_to_net_profit_ratio": -47.06333222417622,
        "net_profit_margin": 17.284372618990286
      },
      {
        "analysis_type": "2025Q3详细分析",
        "stock_abbr": "凯莱英",
        "report_period": "2025Q3",
        "total_operating_revenue": 462987.713098,
        "operating_cost": 266498.36045700003,
        "selling_expenses": 15021.866855000002,
        "administrative_expenses": 58267.132875,
        "financial_expenses": -8976.010464,
        "taxes_and_surcharges": 3519.243751,
        "operating_profit": 128657.11962399993,
        "total_profit": 90994.913204,
        "investment_profit_estimate": -37662.20641999993,
        "net_profit": 80024.521512,
        "investment_profit_to_net_profit_ratio": -47.06333222417622,
        "net_profit_margin": 17.284372618990286
      },
      {
        "analysis_type": "2025Q3详细分析",